<annotation verified="yes">
	<folder>scans</folder>
	<filename>436952846.jpg</filename>
	<path>dataset/HerbarParis/scans/436952846.jpg</path>
	<source>
		<database>MNHN</database>
	</source>
	<size>
		<width>800</width>
		<height>1200</height>
		<depth>3</depth>
	</size>
	<segmented>0</segmented>
	<object>
		<name>fruit</name>
		<pose>Unspecified</pose>
		<truncated>0</truncated>
		<difficult>0</difficult>
		<bndbox>
			<xmin>217</xmin>
			<ymin>76</ymin>
			<xmax>261</xmax>
			<ymax>142</ymax>
		</bndbox>
	</object>
	<object>
		<name>fruit</name>
		<pose>Unspecified</pose>
		<truncated>0</truncated>
		<difficult>0</difficult>
		<bndbox>
			<xmin>200</xmin>
			<ymin>115</ymin>
			<xmax>232</xmax>
			<ymax>168</ymax>
		</bndbox>
	</object>
	<object>
		<name>fruit</name>
		<pose>Unspecified</pose>
		<truncated>0</truncated>
		<difficult>0</difficult>
		<bndbox>
			<xmin>198</xmin>
			<ymin>202</ymin>
			<xmax>222</xmax>
			<ymax>254</ymax>
		</bndbox>
	</object>
	<object>
		<name>fruit</name>
		<pose>Unspecified</pose>
		<truncated>0</truncated>
		<difficult>0</difficult>
		<bndbox>
			<xmin>146</xmin>
			<ymin>188</ymin>
			<xmax>204</xmax>
			<ymax>230</ymax>
		</bndbox>
	</object>
	<object>
		<name>fruit</name>
		<pose>Unspecified</pose>
		<truncated>0</truncated>
		<difficult>0</difficult>
		<bndbox>
			<xmin>154</xmin>
			<ymin>302</ymin>
			<xmax>178</xmax>
			<ymax>350</ymax>
		</bndbox>
	</object>
	<object>
		<name>fruit</name>
		<pose>Unspecified</pose>
		<truncated>0</truncated>
		<difficult>0</difficult>
		<bndbox>
			<xmin>232</xmin>
			<ymin>356</ymin>
			<xmax>256</xmax>
			<ymax>398</ymax>
		</bndbox>
	</object>
	<object>
		<name>flower</name>
		<pose>Unspecified</pose>
		<truncated>0</truncated>
		<difficult>0</difficult>
		<bndbox>
			<xmin>306</xmin>
			<ymin>584</ymin>
			<xmax>328</xmax>
			<ymax>614</ymax>
		</bndbox>
	</object>
	<object>
		<name>flower</name>
		<pose>Unspecified</pose>
		<truncated>0</truncated>
		<difficult>0</difficult>
		<bndbox>
			<xmin>284</xmin>
			<ymin>506</ymin>
			<xmax>303</xmax>
			<ymax>542</ymax>
		</bndbox>
	</object>
	<object>
		<name>flower</name>
		<pose>Unspecified</pose>
		<truncated>0</truncated>
		<difficult>0</difficult>
		<bndbox>
			<xmin>245</xmin>
			<ymin>513</ymin>
			<xmax>286</xmax>
			<ymax>564</ymax>
		</bndbox>
	</object>
	<object>
		<name>leaf</name>
		<pose>Unspecified</pose>
		<truncated>0</truncated>
		<difficult>0</difficult>
		<bndbox>
			<xmin>230</xmin>
			<ymin>872</ymin>
			<xmax>394</xmax>
			<ymax>1006</ymax>
		</bndbox>
	</object>
	<object>
		<name>stem</name>
		<pose>Unspecified</pose>
		<truncated>0</truncated>
		<difficult>0</difficult>
		<bndbox>
			<xmin>226</xmin>
			<ymin>171</ymin>
			<xmax>275</xmax>
			<ymax>348</ymax>
		</bndbox>
	</object>
	<object>
		<name>stem</name>
		<pose>Unspecified</pose>
		<truncated>0</truncated>
		<difficult>0</difficult>
		<bndbox>
			<xmin>208</xmin>
			<ymin>402</ymin>
			<xmax>288</xmax>
			<ymax>500</ymax>
		</bndbox>
	</object>
	<object>
		<name>stem</name>
		<pose>Unspecified</pose>
		<truncated>0</truncated>
		<difficult>0</difficult>
		<bndbox>
			<xmin>301</xmin>
			<ymin>616</ymin>
			<xmax>401</xmax>
			<ymax>870</ymax>
		</bndbox>
	</object>
	<object>
		<name>stem</name>
		<pose>Unspecified</pose>
		<truncated>0</truncated>
		<difficult>0</difficult>
		<bndbox>
			<xmin>396</xmin>
			<ymin>885</ymin>
			<xmax>453</xmax>
			<ymax>1021</ymax>
		</bndbox>
	</object>
</annotation>