<annotation>
	<folder>scans</folder>
	<filename>436963240.jpg</filename>
	<path>dataset/HerbarParis/scans/436963240.jpg</path>
	<source>
		<database>MNHN</database>
	</source>
	<size>
		<width>800</width>
		<height>1200</height>
		<depth>3</depth>
	</size>
	<segmented>0</segmented>
	<object>
		<name>leaf</name>
		<pose>Unspecified</pose>
		<truncated>0</truncated>
		<difficult>0</difficult>
		<bndbox>
			<xmin>423</xmin>
			<ymin>196</ymin>
			<xmax>543</xmax>
			<ymax>429</ymax>
		</bndbox>
	</object>
	<object>
		<name>leaf</name>
		<pose>Unspecified</pose>
		<truncated>0</truncated>
		<difficult>0</difficult>
		<bndbox>
			<xmin>256</xmin>
			<ymin>182</ymin>
			<xmax>434</xmax>
			<ymax>397</ymax>
		</bndbox>
	</object>
	<object>
		<name>stem</name>
		<pose>Unspecified</pose>
		<truncated>0</truncated>
		<difficult>0</difficult>
		<bndbox>
			<xmin>389</xmin>
			<ymin>433</ymin>
			<xmax>510</xmax>
			<ymax>678</ymax>
		</bndbox>
	</object>
</annotation>